LG,RF,DTB,AB
0.4903846153846154,0.4182692307692308,0.41025641025641024,0.35096153846153844
0.434596572787204,0.3779019587908025,0.3850856788856718,0.3326945256712045
