LG,RF,DTB,AB
0.4903846153846154,0.4310897435897436,0.4246794871794872,0.3012820512820513
0.434596572787204,0.4069056321731536,0.3885914337386179,0.28712071706996506
